gene,mutation,wt_residue,position,mut_residue,classification,Mutation,RMSD (Angstroms),Classification,Criterion,Position,WT_Residue,Mut_Residue,pLDDT_Change,Charge_Change,Mass_Change,Hydrophobicity_Change,Distance_From_DBD_Center
TP53,C135Y,C,135,Y,Likely Oncogenic,C135Y,20.5619,Likely Oncogenic,Phase1,135,C,Y,0.2618066157760808,0.0,60,3.8,62
TP53,C176F,C,176,F,Likely Oncogenic,C176F,27.554,Likely Oncogenic,Phase1,176,C,F,-0.661577608142494,0.0,44,0.2999999999999998,21
TP53,G245S,G,245,S,Likely Oncogenic,G245S,33.4872,Likely Oncogenic,Phase1,245,G,S,-0.3136641221374106,0.0,30,0.4,48
TP53,H179R,H,179,R,Likely Oncogenic,H179R,31.2106,Likely Oncogenic,Phase1,179,H,R,-0.39320610687022395,0.5,19,1.2999999999999998,18
TP53,H193R,H,193,R,Likely Oncogenic,H193R,22.7217,Likely Oncogenic,Phase1,193,H,R,-0.22824427480915688,0.5,19,1.2999999999999998,4
TP53,M237I,M,237,I,Likely Oncogenic,M237I,19.7161,Likely Oncogenic,Phase1,237,M,I,0.2812213740458134,0.0,18,2.6,40
TP53,P278S,P,278,S,Likely Oncogenic,P278S,36.5299,Likely Oncogenic,Phase1,278,P,S,-0.403282442748079,0.0,10,0.8,81
TP53,R158H,R,158,H,Likely Oncogenic,R158H,33.4055,Likely Oncogenic,Phase1,158,R,H,-0.7692111959287473,0.5,19,1.2999999999999998,39
TP53,R158L,R,158,L,Likely Oncogenic,R158L,32.2115,Likely Oncogenic,Phase1,158,R,L,-0.339974554707382,1.0,43,8.3,39
TP53,R175H,R,175,H,Likely Oncogenic,R175H,31.8538,Likely Oncogenic,Phase1,175,R,H,-1.1625190839694568,0.5,19,1.2999999999999998,22
TP53,R213Q,R,213,Q,Likely Oncogenic,R213Q,8.2168,Likely Oncogenic,Phase1,213,R,Q,-0.2632061068702285,1.0,28,1.0,16
TP53,R248Q,R,248,Q,Likely Oncogenic,R248Q,22.192,Likely Oncogenic,Phase1,248,R,Q,-0.4784987277353707,1.0,28,1.0,51
TP53,R248W,R,248,W,Likely Oncogenic,R248W,32.6174,Likely Oncogenic,Phase1,248,R,W,-0.19966921119592485,1.0,30,3.6,51
TP53,R249S,R,249,S,Likely Oncogenic,R249S,34.2997,Likely Oncogenic,Phase1,249,R,S,-0.5495674300254336,1.0,69,3.7,52
TP53,R273C,R,273,C,Likely Oncogenic,R273C,29.3747,Likely Oncogenic,Phase1,273,R,C,-0.6865648854961819,1.0,53,7.0,76
TP53,R273H,R,273,H,Likely Oncogenic,R273H,20.9865,Likely Oncogenic,Phase1,273,R,H,-0.6268193384223792,0.5,19,1.2999999999999998,76
TP53,R273L,R,273,L,Likely Oncogenic,R273L,30.1157,Likely Oncogenic,Phase1,273,R,L,-0.7317557251908369,1.0,43,8.3,76
TP53,R282W,R,282,W,Likely Oncogenic,R282W,28.8514,Likely Oncogenic,Phase1,282,R,W,-0.7482442748091529,1.0,30,3.6,85
TP53,V157F,V,157,F,Likely Oncogenic,V157F,32.2828,Likely Oncogenic,Phase1,157,V,F,-0.21478371501272875,0.0,48,1.4000000000000004,40
TP53,Y220C,Y,220,C,Likely Oncogenic,Y220C,22.1159,Likely Oncogenic,Phase1,220,Y,C,-0.234071246819326,0.0,60,3.8,23
